Arquivo,Bubblesort,Selectionsort,Insertionsort,Shellsort,Mergesort-BottomUp,Quicksort,Heapsort,Mergesort-Híbrido
nomes100k.txt,,,,38.19894790649414,13.88239860534668,8.022785186767578,12.0849609375,21.105289459228516
nomes100k.txt,,,,50.32801628112793,28.31268310546875,16.218900680541992,25.677919387817383,44.91162300109863
nomes100k.txt,,,,35.89963912963867,14.114141464233398,8.100271224975586,11.847972869873047,20.661115646362305
nomes100k.txt,,,,24.383068084716797,14.372825622558594,7.062196731567383,11.279582977294922,20.69091796875
nomes100k.txt,,,,31.83603286743164,13.425588607788086,8.192300796508789,11.277914047241211,19.970178604125977
