Arquivo,Bubblesort,Selectionsort,Insertionsort,Shellsort,Mergesort-BottomUp,Quicksort,Heapsort,Mergesort-Híbrido
nomes100k.txt,,,,38.19894790649414,13.88239860534668,8.022785186767578,12.0849609375,21.105289459228516
nomes100k.txt,,,,50.32801628112793,28.31268310546875,16.218900680541992,25.677919387817383,44.91162300109863
